{
    "metrics": {
        "accuracy": 0.972,
        "precision": 0.9957983193277311,
        "recall": 0.948,
        "f1": 0.9713114754098361,
        "roc_auc": 0.984432
    },
    "confusion_matrix": [
        [
            249,
            1
        ],
        [
            13,
            237
        ]
    ],
    "timestamp": "20241208_184818",
    "num_samples": 500
}